{"_step":49,"episode":49,"reward":10,"epsilon":0.611117239532865,"loss":0,"_timestamp":1.7638299803773155e+09,"_wandb":{"runtime":5},"_runtime":5}